"31","美少女伪娘～～～","saber酱","魔都伪娘大集合~哈哈哈 ","https://www.bilibili.com/video/av31/","挖祖坟可耻,B站现存第10,SABER酱,不是第十是第十三！,弄爆你,历史遗留问题,最早的女装dalao,伪娘,可爱的男孩子,KNOW 波底,瞎眼,封面犯罪"
"32","【海猫鸣泣之时 散】EP5 OP","Myon喵","拿到手的也只是320x180+渣音源,无能为力...| OP:オカルティクスの魔女| Ac卡的像个球阿...\r\n\r\n原up主：Tzwcard","https://www.bilibili.com/video/av32/","B站第四个UP主,海猫鸣泣之时,游戏集锦,和谐,祖坟,灰常抱歉,散,李ZI林,考古失败,不是教主了。"
"33","[星际]韩国SPL联赛 20090216 iloveoov vs Zero[VOD](中文字幕)","妹樣","SPL 20090216 iloveoov vs Zero 由PlaySC网友lanpark听译及其他ps的网友合作制作的一个带中文字幕的SPL韩国联赛视频 大家看下韩国解说到底JJYY说些什么 www.playsc.com","https://www.bilibili.com/video/av33/","游戏区祖坟,古坟,第一竞技视频,星际争霸,韩国,中文字幕,SC,VOD"
"34","","","","",""
"35","","","","",""
"36","[DIVA.EDIT]汽笛 test[Vocaloid2]","不思議","test","https://www.bilibili.com/video/av36/","B站第7个UP主,万恶之源,VOCALOID,PROJECT DIVA,DIVA,耳目一新,现存元老,AV 36,古坟,MIKU的出现,第二个MIKU"
"37","","","","",""
"38","","","","",""
"39","坚持下去吧","恶魔晓月曲","原创...囧囧有神的来吧","https://www.bilibili.com/video/av39/","报复社会,BGM:戦いの詩,瞎眼神作,瞎眼首作,COSPLAY,没PS前,神COSPLAY,旧作"
"40","I like Japanese girl, AV girl.","此號出售","欢乐的叫湿… 渣画质多重水印我自重","https://www.bilibili.com/video/av40/","技术宅,萝莉,丧""师""暴龙受,史前巨,AV,GIRL,史前巨坟,娱乐区第一坟"
