"27天Java入门教程_Java入门视频教程（视频+源码）|黑马程序员","http://pan.baidu.com/s/1pLc7AvL","http://yun.itheima.com/course/1.html"
"8天快速掌握Android入门教程|黑马程序员","http://pan.baidu.com/s/1sl4I0Fj","http://yun.itheima.com/course/2.html"
"Java教程|AJax视频教程-适合掌握Javaweb的学员","http://pan.baidu.com/s/1kVsLeGf","http://yun.itheima.com/course/3.html"
"Ajax、jQuery基础入门视频教程","https://pan.baidu.com/s/1eSA5Tw2","http://yun.itheima.com/course/4.html"
"Java中级 Java高新技术教程|黑马程序员","http://pan.baidu.com/s/1kVRWVYn","http://yun.itheima.com/course/5.html"
"JavaWeb教程_JavaWeb入门教程|黑马程序员","http://pan.baidu.com/s/1slHLfIX","http://yun.itheima.com/course/6.html"
"毕向东Java基础教程（适合初学者入门的Java基础视频）","http://pan.baidu.com/s/1bpD3P07","http://yun.itheima.com/course/7.html"
"Java教程|Springmvc由浅入深教程","https://pan.baidu.com/s/1o7TGSZo","http://yun.itheima.com/course/8.html"
"PHP入门教程_PHP入门视频教程|黑马程序员","http://pan.baidu.com/s/1o8dLS98","http://yun.itheima.com/course/9.html"
"C++基础视频教程扫地僧经典版-适合新手自学","http://pan.baidu.com/s/1c049lk","http://yun.itheima.com/course/10.html"
"高并发linux网络服务器核心代码实现","http://pan.baidu.com/s/1jIJIOOA","http://yun.itheima.com/course/12.html"
"linux嵌入式开发+驱动开发","https://pan.baidu.com/s/1sna8N7Z","http://yun.itheima.com/course/13.html"
"iOS应用UI控件开发基础视频","http://pan.baidu.com/s/1i5kbF8L","http://yun.itheima.com/course/16.html"
"电商运营  菜鸟到大神的进阶之路【含全套资料】","http://pan.baidu.com/s/1pLGZ1hh","http://yun.itheima.com/course/18.html"
"阅读量破百万的原创软文写作技巧【含全套资料】","http://pan.baidu.com/s/1i5lxFKT","http://yun.itheima.com/course/19.html"
"字体设计教程_字体设计视频教程|黑马程序员","http://pan.baidu.com/s/1dERSUEP","http://yun.itheima.com/course/22.html"
"Illustrator设计视频教程","http://pan.baidu.com/s/1mitzcfQ","http://yun.itheima.com/course/23.html"
"WEB前端视频教程|黑马程序员","http://pan.baidu.com/s/1eSecg5W","http://yun.itheima.com/course/26.html"
"平面设计视频教程","https://pan.baidu.com/s/1jINVt1G","http://yun.itheima.com/course/29.html"
"PHP HTML+CSS+JavaScript教程","http://pan.baidu.com/s/1eS4HGTc","http://yun.itheima.com/course/30.html"
"PHP入门教程_PHP入门视频教程|黑马程序员","http://pan.baidu.com/s/1i5mJ4pf","http://yun.itheima.com/course/31.html"
"ThinkPHP开发大型商城","http://pan.baidu.com/s/1skT6wt3","http://yun.itheima.com/course/32.html"
"Android开发视频教程","http://pan.baidu.com/s/1boE2Ucf","http://yun.itheima.com/course/33.html"
"OA项目教程_OA项目视频教程|黑马程序员","http://pan.baidu.com/s/1nuPA3nb","http://yun.itheima.com/course/34.html"
"JavaWeb教程|JavaWeb网上图书商城完整项目","http://pan.baidu.com/s/1pLllwXt","http://yun.itheima.com/course/35.html"
"Java教程|轻松掌握JavaWeb视频教程","http://d.itheima.com:81/da/Java学科/第二阶段Javaweb入门/传智播客_轻松掌握JavaWeb视频.zip","http://yun.itheima.com/course/36.html"
"Java教程|Java多线程与并发库高级应用","http://pan.baidu.com/s/1bpxhWJ1","http://yun.itheima.com/course/37.html"
"JDBC教程_JDBC视频教程|黑马程序员","http://pan.baidu.com/s/1sl6fZbv","http://yun.itheima.com/course/38.html"
"Struts2入门教程_Struts2入门视频教程|黑马程序员","https://pan.baidu.com/s/1c1Tq55A","http://yun.itheima.com/course/39.html"
"Hibernate入门教程_Hibernate入门视频教程|黑马程序员","http://pan.baidu.com/s/1qYaZR1U","http://yun.itheima.com/course/40.html"
"Spring入门教程_Spring入门视频教程|黑马程序员","http://pan.baidu.com/s/1c222JE4","http://yun.itheima.com/course/41.html"
"Java教程|Struts开发视频教程","http://pan.baidu.com/s/1hr8PYok","http://yun.itheima.com/course/42.html"
"Struts入门教程_Struts入门视频教程|黑马程序员","http://pan.baidu.com/s/1c10Q8nQ","http://yun.itheima.com/course/46.html"
"Java高级项目 巴巴运动网续集视频教程|黑马程序员","http://pan.baidu.com/s/1jGgKQhS","http://yun.itheima.com/course/47.html"
"Java教程|巴巴运动网视频教程106集","http://pan.baidu.com/s/1pJE0Drt","http://yun.itheima.com/course/48.html"
"EJB3.0教程_EJB3.0视频教程|黑马程序员","http://pan.baidu.com/s/1bpgQfvx","http://yun.itheima.com/course/49.html"
"JPA教程_JPA视频教程|黑马程序员","http://pan.baidu.com/s/1skBpjtz","http://yun.itheima.com/course/50.html"
"iBatis教程_iBatis视频教程|黑马程序员","http://pan.baidu.com/s/1qXWWiew","http://yun.itheima.com/course/51.html"
"Java邮件开发教程|黑马程序员","http://pan.baidu.com/s/1bE18Cm","http://yun.itheima.com/course/52.html"
"Fckeditor教程_Fckeditor视频教程|黑马程序员","http://pan.baidu.com/s/1pL6kfxx","http://yun.itheima.com/course/53.html"
"Oracle视频教程_Oracle入门视频教程|黑马程序员","http://pan.baidu.com/s/1bpBspdX","http://yun.itheima.com/course/54.html"
"Java网上在线支付实战教程|黑马程序员","http://pan.baidu.com/s/1pLlRujT","http://yun.itheima.com/course/55.html"
"Java教程|OA+工作流实战视频教程","http://pan.baidu.com/s/1c1QOyU","http://yun.itheima.com/course/56.html"
"Activiti工作流教程_Activiti工作流视频教程|黑马程序员","http://pan.baidu.com/s/1qXZDHve","http://yun.itheima.com/course/57.html"
"Yii实战开发大型商城项目视频教程","https://pan.baidu.com/s/1kUGl1av","http://yun.itheima.com/course/58.html"
"CI教程_CI教程视频_CI快速开发电子商城项目实战视频","http://pan.baidu.com/s/1ge2g0rL","http://yun.itheima.com/course/59.html"
"Redis教程_Redis视频教程|黑马程序员","http://pan.baidu.com/s/1c1NRsKo","http://yun.itheima.com/course/60.html"
"Smarty教程_Smarty视频教程_黑马程序员","http://pan.baidu.com/s/1c1AufhI","http://yun.itheima.com/course/61.html"
"Ajax教程_Ajax视频教程|黑马程序员","http://pan.baidu.com/s/1boK52GZ","http://yun.itheima.com/course/62.html"
"PHP_Linux教程_Linux视频教程|黑马程序员","http://pan.baidu.com/s/1o77XMPG","http://yun.itheima.com/course/63.html"
"SVN教程_SVN视频教程|黑马程序员","http://pan.baidu.com/s/1hrNdkv6","http://yun.itheima.com/course/64.html"
"XML教程_XML视频教程|黑马程序员","https://pan.baidu.com/s/1bqEcYrd","http://yun.itheima.com/course/65.html"
"ThinkPHP教程_ThinkPHP视频教程|黑马程序员","http://pan.baidu.com/s/1qYpThco","http://yun.itheima.com/course/67.html"
"电商广告创意设计视频教程","http://pan.baidu.com/s/1dFvFl1v","http://yun.itheima.com/course/70.html"
"SEO入门教程_SEO入门视频教程|黑马程序员","http://pan.baidu.com/s/1cpFCL4","http://yun.itheima.com/course/71.html"
"挑战年薪百万，老司机带你玩转淘宝客【含全套资料】","http://pan.baidu.com/s/1slNHaQp","http://yun.itheima.com/course/72.html"
"建站不求人，轻松做站长","http://pan.baidu.com/s/1dFmlI2P","http://yun.itheima.com/course/73.html"
"不敲代码免费教你制作APP【含全套资料】","http://pan.baidu.com/s/1jI2W6CA","http://yun.itheima.com/course/74.html"
"移动互联网微博营销系统运营绝秘宝典【含全套资料】","http://pan.baidu.com/s/1b4s2Xg","http://yun.itheima.com/course/75.html"
"Cocos2D-x从入门到精通视频教程_黑马程序员","http://pan.baidu.com/s/1nvCtRUL","http://yun.itheima.com/course/85.html"
"iOS入门教程_iOS入门视频教程|黑马程序员","http://pan.baidu.com/s/1dFn7EzJ","http://yun.itheima.com/course/87.html"
"Flash动画制作视频教程","http://pan.baidu.com/s/1sl8NPLz","http://yun.itheima.com/course/89.html"
"基于PHP面向对象的自定义MVC框架高级项目开发","http://pan.baidu.com/s/1jHIVrTW","http://yun.itheima.com/course/90.html"
"Swift入门教程_Swift入门视频教程|黑马程序员","http://pan.baidu.com/s/1qWEdjas","http://yun.itheima.com/course/91.html"
"iOS UI基础教程_UI基础视频教程|黑马程序员","http://pan.baidu.com/s/1eRPjgCa","http://yun.itheima.com/course/92.html"
"Photoshop教程_Photoshop视频教程|黑马程序员","http://pan.baidu.com/s/1boCybDl","http://yun.itheima.com/course/93.html"
"UI设计视频教程","http://pan.baidu.com/s/1o8TmLyM","http://yun.itheima.com/course/94.html"
"营销型网站建设教程","http://pan.baidu.com/s/1nvucXID","http://yun.itheima.com/course/96.html"
"搜索引擎优化教程","http://pan.baidu.com/s/1geWB8Cr","http://yun.itheima.com/course/97.html"
"超系统的网络营销学习指南","http://pan.baidu.com/s/1qXQkDfI","http://yun.itheima.com/course/103.html"
"网页设计与配色","http://pan.baidu.com/s/1kU6cbAn","http://yun.itheima.com/course/104.html"
"在线点餐平台开发","https://pan.baidu.com/s/1htdtd20","http://yun.itheima.com/course/105.html"
"Android毕设项目_android电子市场|黑马程序员","http://pan.baidu.com/s/1kVyQDJT","http://yun.itheima.com/course/106.html"
"Android毕设项目_手机影音制作|黑马程序员","http://pan.baidu.com/s/1pKTA0h9","http://yun.itheima.com/course/107.html"
"Java高级项目之SSH网上商城项目实战|黑马程序员","http://pan.baidu.com/s/1jImb80Y","http://yun.itheima.com/course/108.html"
"OA-报名与审核管理系统","http://pan.baidu.com/s/1i5DhScH","http://yun.itheima.com/course/109.html"
"轻松搞定JavaWeb聊天室毕设项目","http://pan.baidu.com/s/1coZC2U","http://yun.itheima.com/course/110.html"
"Java毕设项目_推箱子","http://pan.baidu.com/s/1miBFUju","http://yun.itheima.com/course/111.html"
"JavaScript网页游戏开发实战篇","http://pan.baidu.com/s/1cgmk26","http://yun.itheima.com/course/112.html"
"HTML5游戏开发-是男人就下100层","http://pan.baidu.com/s/1c1VYIR2","http://yun.itheima.com/course/114.html"
"JavaWeb图书管理系统视频","http://pan.baidu.com/s/1hr52ky4","http://yun.itheima.com/course/115.html"
"C#游戏开发 零基础开发太空大战","http://pan.baidu.com/s/1sjsfKs9","http://yun.itheima.com/course/117.html"
"C#开发虐人游戏像素鸟游戏项目","http://pan.baidu.com/s/1bnrmx9H","http://yun.itheima.com/course/118.html"
"轻松搞定“学生在线选课系统”","http://pan.baidu.com/s/1c16ygog","http://yun.itheima.com/course/119.html"
"毕业设计之Office操作全解","http://pan.baidu.com/s/1eQnIWgE","http://yun.itheima.com/course/120.html"
"图书商城电子商务系统","http://pan.baidu.com/s/1o69hoQQ","http://yun.itheima.com/course/121.html"
"餐饮管理客户端软件","http://pan.baidu.com/s/1b9TzAI","http://yun.itheima.com/course/122.html"
"Asp.net MVC的企业管理系统项目开发","http://pan.baidu.com/s/1mgsVWhE","http://yun.itheima.com/course/123.html"
"揭秘千千静听音乐播放器开发之旅","http://pan.baidu.com/s/1ntBlnh3","http://yun.itheima.com/course/125.html"
"html css php+mysql实现办公留言系统","http://pan.baidu.com/s/1mhWywu0","http://yun.itheima.com/course/127.html"
"【毕设项目】中国象棋项目开发如何实现跨平台","http://pan.baidu.com/s/1pL4Oluj","http://yun.itheima.com/course/128.html"
"【毕设项目】响应式HTML5和CSS3炫酷专题","http://pan.baidu.com/s/1bo18Dbh","http://yun.itheima.com/course/129.html"
"html表格高级应用-仿hao123效果","http://pan.baidu.com/s/1gf82uOj","http://yun.itheima.com/course/130.html"
"css项目实战—专题页面制作","http://pan.baidu.com/s/1kVpxsRP","http://yun.itheima.com/course/131.html"
"PS精品教程-超炫中式斗地主界面制作","http://pan.baidu.com/s/1i5G5KuL","http://yun.itheima.com/course/132.html"
"绿色食品网整站制作项目","http://pan.baidu.com/s/1dFDWdR7","http://yun.itheima.com/course/133.html"
"教你打造电商创意广告设计","http://pan.baidu.com/s/1o8CXM9k","http://yun.itheima.com/course/134.html"
"Android基础视频教程","http://pan.baidu.com/s/1boRrbkF","http://yun.itheima.com/course/135.html"
"Unity3D入门教程_Unity3D入门视频教程|黑马程序员","http://pan.baidu.com/s/1o8tuZ0I","http://yun.itheima.com/course/137.html"
"Cocos2D-x教程_Cocos2D-x视频教程|黑马程序员","http://pan.baidu.com/s/1i5qNrxV","http://yun.itheima.com/course/139.html"
"JavaScript教程_JavaScript视频教程|黑马程序员","https://pan.baidu.com/s/1nwoDKHN","http://yun.itheima.com/course/140.html"
"CSS梅兰商城项目实战","http://pan.baidu.com/s/1pLlRwDl","http://yun.itheima.com/course/141.html"
"jQuery教程_jQuery视频教程|黑马程序员","http://pan.baidu.com/s/1slMvbWT","http://yun.itheima.com/course/143.html"
"6天玩转MySQL","https://pan.baidu.com/s/1kVVL53L","http://yun.itheima.com/course/144.html"
"8天Python入门教程_Python入门视频教程|黑马程序员","http://pan.baidu.com/s/1kVNmOar","http://yun.itheima.com/course/145.html"
".Net入门教程_.Net入门视频教程|黑马程序员","http://pan.baidu.com/s/1hscCibE","http://yun.itheima.com/course/146.html"
"C#基础教程_C#基础视频教程_黑马程序员","http://pan.baidu.com/s/1hscCibE","http://yun.itheima.com/course/147.html"
".Net基础视频教程之运算符","http://pan.baidu.com/s/1hscCibE","http://yun.itheima.com/course/148.html"
".Net基础视频教程之流程控制","http://pan.baidu.com/s/1hscCibE","http://yun.itheima.com/course/149.html"
".Net基础视频教程之复杂数据类型","http://pan.baidu.com/s/1hscCibE","http://yun.itheima.com/course/150.html"
".Net基础视频教程之函数","http://pan.baidu.com/s/1hscCibE","http://yun.itheima.com/course/151.html"
".Net基础视频教程之飞行棋项目","http://pan.baidu.com/s/1hscCibE","http://yun.itheima.com/course/152.html"
".Net基础视频教程之面向对象初级","http://pan.baidu.com/s/1hscCibE","http://yun.itheima.com/course/153.html"
".Net基础视频教程之面向对象继承","http://pan.baidu.com/s/1hscCibE","http://yun.itheima.com/course/154.html"
".Net基础视频教程之面向对象多态","http://pan.baidu.com/s/1hscCibE","http://yun.itheima.com/course/155.html"
".Net基础视频教程之Winform应用程序","http://pan.baidu.com/s/1hscCibE","http://yun.itheima.com/course/156.html"
".Net基础视频教程之多线程和Socket网络编程","http://pan.baidu.com/s/1hscCibE","http://yun.itheima.com/course/157.html"
".Net GDI绘图教程_GDI绘图视频教程|黑马程序员","http://pan.baidu.com/s/1hscCibE","http://yun.itheima.com/course/158.html"
"HTML+CSS视频教程全套下载|黑马程序员","https://pan.baidu.com/s/1pLpg8av","http://yun.itheima.com/course/159.html"
".Net基础视频教程之播放器项目","http://pan.baidu.com/s/1hscCibE","http://yun.itheima.com/course/160.html"
".Net基础视频教程之基础加强总复习","http://pan.baidu.com/s/1hscCibE","http://yun.itheima.com/course/161.html"
".Net基础视频教程之委托、XML","http://pan.baidu.com/s/1hscCibE","http://yun.itheima.com/course/162.html"
"PHP微信公众平台开发|黑马程序员","http://pan.baidu.com/s/1o8EtDqE","http://yun.itheima.com/course/163.html"
"Net全套就业视频教程之DotNet基础加强","http://pan.baidu.com/s/1dE146bf","http://yun.itheima.com/course/164.html"
".Net全套就业视频教程之数据库开发及ADO.NET","http://pan.baidu.com/s/1bnUCflP","http://yun.itheima.com/course/165.html"
".Net全套就业视频教程之Html基础加强","http://pan.baidu.com/s/1bnUCflP","http://yun.itheima.com/course/166.html"
".Net全套就业视频教程之Javascript基础加强","http://pan.baidu.com/s/1bnUCflP","http://yun.itheima.com/course/167.html"
".Net  jQuery教程_jQuery视频教程|黑马程序员","http://pan.baidu.com/s/1bnUCflP","http://yun.itheima.com/course/168.html"
".Net全套就业视频教程之简单三层综合项目","http://pan.baidu.com/s/1dE146bf","http://yun.itheima.com/course/169.html"
".Net全套就业视频教程之简单三层架构","http://pan.baidu.com/s/1dE146bf","http://yun.itheima.com/course/170.html"
".Net全套就业视频教程之Asp.Net","http://pan.baidu.com/s/1dE146bf","http://yun.itheima.com/course/171.html"
".Net 在线图书商城项目_黑马程序员","http://pan.baidu.com/s/1dE146bf","http://yun.itheima.com/course/172.html"
".Net全套就业视频教程之MVC OA项目","http://pan.baidu.com/s/1dE146bf","http://yun.itheima.com/course/173.html"
"WindowsPhone开发视频教程_黑马程序员","http://pan.baidu.com/s/1bnUCflP","http://yun.itheima.com/course/174.html"
"JavaScript-高级面向对象视频教程","http://pan.baidu.com/s/1o8POXKm","http://yun.itheima.com/course/175.html"
"JavaScript高级框架设计","http://pan.baidu.com/s/1nvNjnnF","http://yun.itheima.com/course/177.html"
"C语言视频教程_C语言入门视频教程|黑马程序员","http://pan.baidu.com/s/1cGjK1S","http://yun.itheima.com/course/180.html"
"移动web移动教程","https://pan.baidu.com/s/1d3nxxW","http://yun.itheima.com/course/181.html"
"JavaScript基础加强","http://pan.baidu.com/s/1skDXr6t","http://yun.itheima.com/course/182.html"
"HTML教程（热门教程）_黑马程序员","http://pan.baidu.com/s/1i5oXHjv","http://yun.itheima.com/course/183.html"
"PHP新课程体系javascript+jQuery","https://pan.baidu.com/s/1d8CHKq","http://yun.itheima.com/course/184.html"
"Swift3.0微博项目实战","http://pan.baidu.com/s/1eRU8Eg6","http://yun.itheima.com/course/185.html"
"Android手机卫士项目|黑马程序员","http://pan.baidu.com/s/1nvmBvMp","http://yun.itheima.com/course/186.html"
"iOS全套系列教程之UI基础视频","http://pan.baidu.com/s/1miyiHcs","http://yun.itheima.com/course/187.html"
"iOS教程 UI进阶教程","http://pan.baidu.com/s/1geJHt1D","http://yun.itheima.com/course/188.html"
"新iOS多线程开发实战","http://pan.baidu.com/s/1o8uaPXC","http://yun.itheima.com/course/189.html"
"新iOS开发之网络通信","http://pan.baidu.com/s/1bpgkiOf","http://yun.itheima.com/course/190.html"
"iOS项目实战 新浪微博项目|黑马程序员","http://pan.baidu.com/s/1sl1ws2L","http://yun.itheima.com/course/191.html"
"新iOS开发之知识拓展","http://pan.baidu.com/s/1csxyf8","http://yun.itheima.com/course/192.html"
"新iOS开发之iPad开发","http://pan.baidu.com/s/1hs5czB2","http://yun.itheima.com/course/193.html"
"新iOS开发之即时通讯","http://pan.baidu.com/s/1qYo7hlq","http://yun.itheima.com/course/194.html"
"AppleWatch开发教程_AppleWatch开发视频教程|黑马程序员","http://pan.baidu.com/s/1c1GzGkg","http://yun.itheima.com/course/195.html"
"MySQL高级视频教程_黑马程序员","http://pan.baidu.com/s/1o8U8Fvc","http://yun.itheima.com/course/196.html"
"H5+CSS3教程视频","http://pan.baidu.com/s/1eSJtHiM","http://yun.itheima.com/course/197.html"
"web前端教程Ajax教程","http://pan.baidu.com/s/1qXWqpDa","http://yun.itheima.com/course/198.html"
"8天从小白到大神蜕变秘籍之Photoshop","https://pan.baidu.com/s/1qZTPCbM","http://yun.itheima.com/course/199.html"
"Mongodb教程_Mongodb视频教程|黑马程序员","http://pan.baidu.com/s/1i5frYV7","http://yun.itheima.com/course/200.html"
"linux服务器开发二-系统编程","http://pan.baidu.com/s/1boEz29p","http://yun.itheima.com/course/201.html"
"2016版 C/C++与数据库开发","http://pan.baidu.com/s/1mhIQOnY","http://yun.itheima.com/course/202.html"
"Hibernate教程_Hibernate视频教程|黑马程序员","http://pan.baidu.com/s/1qYrUBxi","http://yun.itheima.com/course/203.html"
"20天精通Android开发","http://pan.baidu.com/s/1pKCFyvL","http://yun.itheima.com/course/204.html"
"SEM投放攻略基础篇","http://pan.baidu.com/s/1mhXKvDQ","http://yun.itheima.com/course/205.html"
"NoSQL之Redis技术","http://pan.baidu.com/s/1o8Ixz7O","http://yun.itheima.com/course/206.html"
"linux服务器开发一-基础编程","http://pan.baidu.com/s/1dES862H","http://yun.itheima.com/course/207.html"
"HyBrid App教程_HyBrid App教程视频_HyBrid App教程下载","http://pan.baidu.com/s/1gf7MuR5","http://yun.itheima.com/course/208.html"
"玩转Github开发|黑马程序员","http://pan.baidu.com/s/1c1kV5W","http://yun.itheima.com/course/209.html"
"QT界面开发","http://pan.baidu.com/s/1i55aaYL","http://yun.itheima.com/course/210.html"
"linux服务器开发三-网络编程","http://pan.baidu.com/s/1o7AFrNc","http://yun.itheima.com/course/211.html"
"Struts2教程_Struts2视频教程|黑马程序员","http://pan.baidu.com/s/1o855R8Q","http://yun.itheima.com/course/212.html"
"LAMP编程之Linux视频","http://pan.baidu.com/s/1c2880Sg","http://yun.itheima.com/course/213.html"
"Python基础教程_Python基础视频教程|黑马程序员","https://pan.baidu.com/s/1kWUFL47","http://yun.itheima.com/course/214.html"
"Spring教程_Spring视频教程从入门到精通|黑马程序员","https://pan.baidu.com/s/1nvfj7uD","http://yun.itheima.com/course/215.html"
"ThinkPHP开发框架","http://pan.baidu.com/s/1c6A9Ue","http://yun.itheima.com/course/216.html"
"打造会代码的全能设计师成长之路","https://pan.baidu.com/s/1dTCl5O","http://yun.itheima.com/course/217.html"
"CRM项目实战视频（SSH2）|黑马程序员","https://pan.baidu.com/s/1kUSxb1P","http://yun.itheima.com/course/218.html"
"Flash教程_Flash视频教程|黑马程序员","https://pan.baidu.com/s/1ggoQ2cz","http://yun.itheima.com/course/219.html"
"laravel教程_laravel视频教程|黑马程序员","http://pan.baidu.com/s/1qXSmNJQ","http://yun.itheima.com/course/220.html"
"新媒体营销特训营基础班","http://pan.baidu.com/s/1gfl5QTH","http://yun.itheima.com/course/221.html"
"淘宝电商特训营基础班","http://pan.baidu.com/s/1kUPdgzl","http://yun.itheima.com/course/222.html"
"SEM教程_SEM视频教程|黑马程序员","http://pan.baidu.com/s/1bpzROE7","http://yun.itheima.com/course/223.html"
"SEO搜索引擎优化进阶","http://pan.baidu.com/s/1bFScNG","http://yun.itheima.com/course/224.html"
"淘宝店铺装修实战操作视频","http://pan.baidu.com/s/1kUS1k71","http://yun.itheima.com/course/225.html"
"黑马程序员-互联网人的终极目标——自明星【含全套资料】","http://pan.baidu.com/s/1nvSDqrf","http://yun.itheima.com/course/226.html"
"你不知道的自媒体月入8000的秘密【含全套资料】","http://pan.baidu.com/s/1qXXHyEw","http://yun.itheima.com/course/227.html"
"Java项目 管家婆项目实战|黑马程序员","http://pan.baidu.com/s/1miyTRK0","http://yun.itheima.com/course/229.html"
"Android项目之植物大战僵尸项目实战|黑马程序员","http://pan.baidu.com/s/1eR8tMIA","http://yun.itheima.com/course/230.html"
"JIN教程_JIN视频教程|黑马程序员","http://pan.baidu.com/s/1mi8xOes","http://yun.itheima.com/course/231.html"
"Java教程|Java基础班-小白的福音（冯老师）","http://pan.baidu.com/s/1o82U4YI","http://yun.itheima.com/course/232.html"
"Linux+Redis实战教程","http://pan.baidu.com/s/1jIQdoJO","http://yun.itheima.com/course/233.html"
"Maven教程_Maven视频教程|黑马程序员","http://pan.baidu.com/s/1dFek5Zr","http://yun.itheima.com/course/234.html"
"MFC教程_MFC教程视频_MFC教程下载","http://pan.baidu.com/s/1bpku1D9","http://yun.itheima.com/course/235.html"
"jQuery精品教程","http://pan.baidu.com/s/1hrM3Vta","http://yun.itheima.com/course/236.html"
"JavaWeb网上商城实战视频教程|黑马程序员","http://pan.baidu.com/s/1dE7aWVn","http://yun.itheima.com/course/237.html"
"PS精品教程","https://pan.baidu.com/s/1dpcpKM","http://yun.itheima.com/course/238.html"
"AI教程_AI视频教程|黑马程序员","https://pan.baidu.com/s/1ht7LqHQ","http://yun.itheima.com/course/239.html"
"平面设计实战","https://pan.baidu.com/s/1c389xgW","http://yun.itheima.com/course/240.html"
"电商设计实战","https://pan.baidu.com/s/1i5RLLDN","http://yun.itheima.com/course/241.html"
"网页设计实战","https://pan.baidu.com/s/1c4atHMo","http://yun.itheima.com/course/242.html"
"UI基础教程_UI基础视频教程|黑马程序员","https://pan.baidu.com/s/1dBvraQ","http://yun.itheima.com/course/243.html"
"UI实战教程","https://pan.baidu.com/s/1c3IIL8k","http://yun.itheima.com/course/244.html"
"10天玩转web前端","http://pan.baidu.com/s/1gfcMcLX","http://yun.itheima.com/course/245.html"
"Dreamweaver项目实战","https://pan.baidu.com/s/1kVTJ9yv","http://yun.itheima.com/course/246.html"
"JavaScript & jQuery精品教程","https://pan.baidu.com/s/1bqADsGB","http://yun.itheima.com/course/247.html"
"响应式网页制作","http://pan.baidu.com/s/1bp8Ir2R","http://yun.itheima.com/course/248.html"
"Axure交互设计教程","https://pan.baidu.com/s/1jKjAT2u","http://yun.itheima.com/course/249.html"
"AE教程_AE视频教程|黑马程序员","https://pan.baidu.com/s/1oAn63Zs","http://yun.itheima.com/course/250.html"
"手绘教程_手绘视频教程|黑马程序员","https://pan.baidu.com/s/1htYjFj2","http://yun.itheima.com/course/251.html"
"H5+全栈入门教程","http://pan.baidu.com/s/1o8yu0Vw","http://yun.itheima.com/course/252.html"
"美食美刻网站制作实战","http://pan.baidu.com/s/1gfFwHf9","http://yun.itheima.com/course/253.html"
"PHP入门教程_黑马程序员","http://pan.baidu.com/s/1geHi5R9","http://yun.itheima.com/course/254.html"
"PHP核心编程12天","https://pan.baidu.com/s/1eTA7BuM","http://yun.itheima.com/course/255.html"
"Python全栈教程_快速搭建Web服务器","https://pan.baidu.com/s/1pNr8mMJ","http://yun.itheima.com/course/256.html"
"Django视频教程_Django入门视频教程|黑马程序员","https://pan.baidu.com/s/1o98oZUi","http://yun.itheima.com/course/257.html"
"Scrapy教程_Scrapy视频教程|黑马程序员","https://pan.baidu.com/s/1qYXDitI","http://yun.itheima.com/course/258.html"
"Android项目 智慧北京项目实战|黑马程序员","http://pan.baidu.com/s/1slwglY1","http://yun.itheima.com/course/259.html"
"做好问答营销，轻松搞定10万流量【含全套资料】","http://pan.baidu.com/s/1skZfLBf","http://yun.itheima.com/course/260.html"
"如何快速获取百万精准客户手机号【含全套资料】","http://pan.baidu.com/s/1bQMO3s","http://yun.itheima.com/course/261.html"
"数据营销-邮件精准投放日引流量破万的秘诀【含全套资料】","http://pan.baidu.com/s/1c22C632","http://yun.itheima.com/course/262.html"
"PHP入门教程_PHP基础之Web前端","http://pan.baidu.com/s/1qYa3IVU","http://yun.itheima.com/course/263.html"
"PHP入门教程_PHP从入门到精通视频教程|黑马程序员","http://pan.baidu.com/s/1jICAdFo","http://yun.itheima.com/course/264.html"
"PS入门教程下载_300集PS从入门到精通教程","https://pan.baidu.com/s/1dGxHYST","http://yun.itheima.com/course/265.html"
"Kotlin教程_Kotlin视频教程|黑马程序员","http://pan.baidu.com/s/1sl2nIvN","http://yun.itheima.com/course/266.html"
"Web前端入门教程_Web前端入门视频教程|黑马程序员","http://pan.baidu.com/s/1jIcd84e","http://yun.itheima.com/course/267.html"
"面试题破解之银行业务调度系统教程","http://pan.baidu.com/s/1miQKQIs","http://yun.itheima.com/course/268.html"
"Java快速入门教程（Java基础班全套教程）","https://pan.baidu.com/s/1c4bFDJi","http://yun.itheima.com/course/269.html"
"Java教程_面试题破解之交通管理系统教程","http://pan.baidu.com/s/1cs9KeE","http://yun.itheima.com/course/270.html"
"PHP初级 CSS教程_CSS入门教程|黑马程序员","http://pan.baidu.com/s/1c15MFhI","http://yun.itheima.com/course/271.html"
"BootStrap教程_BootStrap视频教程|黑马程序员","https://pan.baidu.com/s/1cGqxVw","http://yun.itheima.com/course/272.html"
"Python入门教程完整版（懂中文就能学会）","https://pan.baidu.com/s/1kWTtPaB","http://yun.itheima.com/course/273.html"
"C语言小白入门基础教程","https://pan.baidu.com/s/1kUNjGn9","http://yun.itheima.com/course/274.html"
"2017版 C++基础教程完整版","http://pan.baidu.com/s/1hs5VrA8","http://yun.itheima.com/course/275.html"
"2017版 服务器开发之linux基础编程","http://pan.baidu.com/s/1eS4DVrW","http://yun.itheima.com/course/276.html"
"2017版 服务器开发之linux系统编程","http://pan.baidu.com/s/1slPWrgx","http://yun.itheima.com/course/277.html"
"揭秘转发量10万+的微信公众号黑科技【含全套资料】","http://pan.baidu.com/s/1miQMzsk","http://yun.itheima.com/course/278.html"
"一节课学会标题字故障艺术制作","https://pan.baidu.com/s/1htsSjL6","http://yun.itheima.com/course/279.html"
"2017版 服务器开发之linux网络编程","http://pan.baidu.com/s/1pLgFm0F","http://yun.itheima.com/course/280.html"
"2017版 C/C++与数据库开发","http://pan.baidu.com/s/1c2csd24","http://yun.itheima.com/course/281.html"
"vue2.0入门及实战开发","http://pan.baidu.com/s/1jIL1AyM","http://yun.itheima.com/course/282.html"
"Ajax从入门到精通|黑马程序员","http://pan.baidu.com/s/1kVKes43","http://yun.itheima.com/course/283.html"
"百度外卖项目教程|黑马程序员","http://pan.baidu.com/s/1hsQXdvI","http://yun.itheima.com/course/284.html"
"企业项目实战PC专题页","http://pan.baidu.com/s/1dE3gGOp","http://yun.itheima.com/course/285.html"
"JavaScript教程精讲（知识点精讲+贪吃蛇项目）","https://pan.baidu.com/s/1kUK6cAz","http://yun.itheima.com/course/286.html"
"Sketch教程从入门到精通","https://pan.baidu.com/s/1o9c0VZ8","http://yun.itheima.com/course/287.html"
"PHP系列教程之一阶段崭露头角","https://pan.baidu.com/s/1pL5MHKn","http://yun.itheima.com/course/288.html"
"Java教程|Mybatis由浅入深教程","https://pan.baidu.com/s/1pLompjt","http://yun.itheima.com/course/289.html"
"初识前端与移动开发到项目开发（知识精讲+多个项目案例）","https://pan.baidu.com/s/1o8eL8yI","http://yun.itheima.com/course/290.html"
"PHP系列教程之二阶段学有小成","https://pan.baidu.com/s/1o9e2g3K","http://yun.itheima.com/course/291.html"
"ERP项目","https://pan.baidu.com/s/1qZEXeFU","http://yun.itheima.com/course/292.html"
"国际物流云商项目","https://pan.baidu.com/s/1oAedCPs","http://yun.itheima.com/course/293.html"
"国家电力资源管理系统","https://pan.baidu.com/s/1dKPrky","http://yun.itheima.com/course/294.html"
"品优购电商系统开发","https://pan.baidu.com/s/1dGh37Nz","http://yun.itheima.com/course/295.html"
"速运快递项目","https://pan.baidu.com/s/1pMxykvL","http://yun.itheima.com/course/297.html"
"淘淘商城","https://pan.baidu.com/s/1daOesQ","http://yun.itheima.com/course/298.html"
"宅急送BOS物流项目","https://pan.baidu.com/s/1qZuEs1I","http://yun.itheima.com/course/299.html"
"医药集中采购系统","https://pan.baidu.com/s/1bqKN8cv","http://yun.itheima.com/course/300.html"
"大数据hadoop教程入门","https://pan.baidu.com/s/1brllQlL","http://yun.itheima.com/course/301.html"
"20小时入门学会go语言","https://pan.baidu.com/s/1jJPsThk","http://yun.itheima.com/course/302.html"
"计算机等级考试二级C语言教程","https://pan.baidu.com/s/1dAajvw","http://yun.itheima.com/course/303.html"
"新巴巴运动网","https://pan.baidu.com/s/1dqx4i6","http://yun.itheima.com/course/304.html"
"办公室必会软件全套教程","https://pan.baidu.com/s/1nwLjaVB","http://yun.itheima.com/course/305.html"
"新媒体基础&PS基础","https://pan.baidu.com/s/1bq1Q8R9","http://yun.itheima.com/course/306.html"
"微信运营实战教程","https://pan.baidu.com/s/1dGUSKJf","http://yun.itheima.com/course/307.html"
"新媒体微博运营实战教程","https://pan.baidu.com/s/1ggJZt8f","http://yun.itheima.com/course/308.html"
"营销策划深入浅出教程","https://pan.baidu.com/s/1o9jToBw","http://yun.itheima.com/course/309.html"
"媒介推广全套精品教程","https://pan.baidu.com/s/1eUaWvK2","http://yun.itheima.com/course/310.html"
"电商运营之店铺基础设置阶段","https://pan.baidu.com/s/1nwlYj8H","http://yun.itheima.com/course/311.html"
"电商运营之店铺运营推广阶段","https://pan.baidu.com/s/1oApAjbk","http://yun.itheima.com/course/312.html"
"软件测试基础入门教程","https://pan.baidu.com/s/1dGeMWMH","http://yun.itheima.com/course/313.html"
"130集photoshop2018版（上）","https://pan.baidu.com/s/1o9z35ai","http://yun.itheima.com/course/314.html"
"130集photoshop精华版（中）","https://pan.baidu.com/s/1ggX7KxP","http://yun.itheima.com/course/315.html"
"130集photoshop精华版（下）","https://pan.baidu.com/s/1dSYnc6","http://yun.itheima.com/course/316.html"
"PHP全套之三登堂入室","https://pan.baidu.com/s/1q-geiHf9Yf5gIa2TBXeB8g","http://yun.itheima.com/course/317.html"
"新媒体营销策划系列课程 （适合初学者）","https://pan.baidu.com/s/1emAn_-XLDLsT6-2PIJ67Bg","http://yun.itheima.com/course/318.html"
"电商运营基础教程完整版 （轻松入门）","https://pan.baidu.com/s/1FrrZZj94dOFECi6oeV3qMQ","http://yun.itheima.com/course/323.html"
"6天玩转JavaScript基础教程","https://pan.baidu.com/s/1smLcfEl","http://yun.itheima.com/course/324.html"
"Web api入门教程教程","https://pan.baidu.com/s/1hukwU5Q","http://yun.itheima.com/course/325.html"
"JavaScript高阶教程","https://pan.baidu.com/s/1c3d3qhi","http://yun.itheima.com/course/326.html"
"PHP后台开发教程","https://pan.baidu.com/s/1HaYxo1Wv-eNi9N9xMfrHYQ","http://yun.itheima.com/course/327.html"
"2018版Ajax教程精讲","https://pan.baidu.com/s/1miXNrtQ","http://yun.itheima.com/course/328.html"
"阿里百秀项目实战","https://pan.baidu.com/s/1dFQ9YFn","http://yun.itheima.com/course/329.html"
"canvas入门教程","https://pan.baidu.com/s/1dGilegx","http://yun.itheima.com/course/330.html"
"电商项目实战","https://pan.baidu.com/s/1rsA7RfXMqerPfYuKDnxI-A","http://yun.itheima.com/course/331.html"
"2018版Html5+Css3由浅入深教程","https://pan.baidu.com/s/1dxkr9s","http://yun.itheima.com/course/332.html"
"2018移动web进阶教程","https://pan.baidu.com/s/14RM6tcORzjfXF0TkLogU0w","http://yun.itheima.com/course/333.html"
"Nodejs教程精讲","https://pan.baidu.com/s/1hZ2FBzvES_Toz6SgW0t-AA","http://yun.itheima.com/course/334.html"
"2018年Vue.js深入浅出教程","https://pan.baidu.com/s/1bUdzAkPVHJrJPcBuOgKpgA","http://yun.itheima.com/course/335.html"
"电商高级运营系列课程","https://pan.baidu.com/s/16zLGAQSMoEMg86XQXUn9KA","http://yun.itheima.com/course/336.html"
"7天学会EUI电商设计","https://pan.baidu.com/s/1EczslRdKBvT9rW1NWPCqmg","http://yun.itheima.com/course/337.html"
"GUI界面设计实战","https://pan.baidu.com/s/12mZiPddA3C6Aj5i_JtRoYg","http://yun.itheima.com/course/338.html"
"游戏UI界面设计","https://pan.baidu.com/s/15Yq0KUXpDaioRAnY7LHfTg","http://yun.itheima.com/course/339.html"
"选框+绘图+抠图系统强化训练","https://pan.baidu.com/s/1S2JV9guwHjkqwH-UmAm8Vg","http://yun.itheima.com/course/340.html"
"钢笔+文字排版设计训练","https://pan.baidu.com/s/1rjD0ftF5RsjpINPQxw_SWA","http://yun.itheima.com/course/341.html"
"绘图及渐变教程精讲","https://pan.baidu.com/s/1E1Bv-P4aShQVvOCNYbxWgA","http://yun.itheima.com/course/342.html"
"快速案例制作“新年促销海报”","https://pan.baidu.com/s/1uUfybqzL0tyFPynvTC66dg","http://yun.itheima.com/course/343.html"
C语言学习资源统统送给你

2017版 C++基础教程完整版
链接：http://pan.baidu.com/s/1o8jy6im 密码：cuh7



最适合自学的C语言基础视频

源码资料链接：http://pan.baidu.com/s/1eSdvQgU 密码：omes



最适合自学的C++基础视频

源码资料链接：http://pan.baidu.com/s/1gfhx83p 密码：8yxg